round,slice,frame,object_ref,cell,what,why,severity,owner,rule_id,evidence,action,rules_version,note
calib,C0,adasind_019560.jpg,L2+R3,na,WRONG_CLASS,,,,,,,,
calib,C0,adasind_019560.jpg,L4,na,SPURIOUS,,,,,,,,
calib,C0,adasind_019560.jpg,L5,na,SPURIOUS,,,,,,,,
r2_qa,B4-dense,adasind_258420.jpg,missing_Bike_193_815,L_only,MISSING,,,,R01,,,,
r2_qa,B4-dense,adasind_258420.jpg,missing_Bike_124_800,L_only,MISSING,,,,R01,,,,
r2_qa,B4-dense,adasind_258420.jpg,missing_Pedestrian_92_792,L_only,MISSING,,,,R01,,,,
r2_qa,B4-dense,adasind_270517.jpg,missing_Bike_995_948,L_only,MISSING,,,,R01,,,,
r2_qa,B4-dense,adasind_270517.jpg,missing_Bike_807_826,L_only,MISSING,,,,R01,,,,
r1_craft,B1-mid,adasind_014670.jpg,L2,na,SPURIOUS,,,,,,,,
r1_craft,B1-mid,adasind_014670.jpg,L5,na,SPURIOUS,,,,,,,,
r1_craft,B1-mid,adasind_014670.jpg,L7+R5,na,WRONG_CLASS,,,,,,,,
r1_craft,B1-mid,adasind_032280.jpg,L2,na,SPURIOUS,,,,,,,,
r1_craft,B1-mid,adasind_032280.jpg,L5,na,SPURIOUS,,,,,,,,
r1_craft,B1-mid,adasind_034080.jpg,L2,na,SPURIOUS,,,,,,,,
r1_craft,B1-mid,adasind_034080.jpg,L6,na,SPURIOUS,,,,,,,,
r1_craft,B1-mid,adasind_034080.jpg,L9,na,SPURIOUS,,,,,,,,
r1_craft,B1-mid,adasind_034080.jpg,L11+R2,na,BOX_GEOMETRY,,,,,,,,
r1_craft,B1-mid,adasind_034080.jpg,R9,na,MISSING,,,,,,,,
r3_diag,B1-mid,adasind_014670.jpg,L1+R3,LR_noM,MISSING,E4_model_domain,P2,ai_team,R01,model misses matched object,keep_with_reason,v1.0.0,
r3_diag,B1-mid,adasind_014670.jpg,L2,L_only,SPURIOUS,E1_annotator_error,P1,annotator,R01,extra box in locked export,rework,v1.0.0,
r3_diag,B1-mid,adasind_014670.jpg,L5,L_only,SPURIOUS,E1_annotator_error,P1,annotator,R01,extra box in locked export,rework,v1.0.0,
r3_diag,B1-mid,adasind_014670.jpg,L7+M3,LM_noR,SPURIOUS,E0_reference_defect,P2,qa,R01,learner and model agree while reference has no match,escalate,v1.0.0,
r3_diag,B1-mid,adasind_014670.jpg,R5,R_only,MISSING,E1_annotator_error,P1,annotator,R01,reference object absent from learner export,rework,v1.0.0,
r3_diag,B1-mid,adasind_014670.jpg,M6,M_only,SPURIOUS,E4_model_domain,P2,ai_team,R01,model-only box with no learner match,keep_with_reason,v1.0.0,
r3_diag,B1-mid,adasind_014670.jpg,M7,M_only,SPURIOUS,E4_model_domain,P2,ai_team,R01,model-only box with no learner match,keep_with_reason,v1.0.0,
r3_diag,B1-mid,adasind_032280.jpg,L7+R2,LR_noM,MISSING,E4_model_domain,P2,ai_team,R01,model misses matched object,keep_with_reason,v1.0.0,
r3_diag,B1-mid,adasind_032280.jpg,L8+R6,LR_noM,MISSING,E4_model_domain,P2,ai_team,R01,model misses matched object,keep_with_reason,v1.0.0,
r3_diag,B1-mid,adasind_032280.jpg,L2,L_only,SPURIOUS,E1_annotator_error,P1,annotator,R01,extra box in locked export,rework,v1.0.0,
r3_diag,B1-mid,adasind_032280.jpg,L5,L_only,SPURIOUS,E1_annotator_error,P1,annotator,R01,extra box in locked export,rework,v1.0.0,
r3_diag,B1-mid,adasind_032280.jpg,M3,M_only,SPURIOUS,E4_model_domain,P2,ai_team,R01,model-only box with no learner match,keep_with_reason,v1.0.0,
r3_diag,B1-mid,adasind_032280.jpg,M5,M_only,SPURIOUS,E4_model_domain,P2,ai_team,R01,model-only box with no learner match,keep_with_reason,v1.0.0,
r3_diag,B1-mid,adasind_032280.jpg,M7,M_only,SPURIOUS,E4_model_domain,P2,ai_team,R01,model-only box with no learner match,keep_with_reason,v1.0.0,
r3_diag,B1-mid,adasind_032280.jpg,M8,M_only,SPURIOUS,E4_model_domain,P2,ai_team,R01,model-only box with no learner match,keep_with_reason,v1.0.0,
r3_diag,B1-mid,adasind_032280.jpg,M9,M_only,SPURIOUS,E4_model_domain,P2,ai_team,R01,model-only box with no learner match,keep_with_reason,v1.0.0,
r3_diag,B1-mid,adasind_032280.jpg,M11,M_only,SPURIOUS,E4_model_domain,P2,ai_team,R01,model-only box with no learner match,keep_with_reason,v1.0.0,
r3_diag,B1-mid,adasind_034080.jpg,L3+R5,LR_noM,MISSING,E4_model_domain,P2,ai_team,R01,model misses matched object,keep_with_reason,v1.0.0,
r3_diag,B1-mid,adasind_034080.jpg,L5+R7,LR_noM,MISSING,E4_model_domain,P2,ai_team,R01,model misses matched object,keep_with_reason,v1.0.0,
r3_diag,B1-mid,adasind_034080.jpg,L4+R8,LR_noM,MISSING,E4_model_domain,P2,ai_team,R01,model misses matched object,keep_with_reason,v1.0.0,
r3_diag,B1-mid,adasind_034080.jpg,L2,L_only,SPURIOUS,E1_annotator_error,P1,annotator,R01,extra box in locked export,rework,v1.0.0,
r3_diag,B1-mid,adasind_034080.jpg,L6,L_only,SPURIOUS,E1_annotator_error,P1,annotator,R01,extra box in locked export,rework,v1.0.0,
r3_diag,B1-mid,adasind_034080.jpg,L9,L_only,SPURIOUS,E1_annotator_error,P1,annotator,R01,extra box in locked export,rework,v1.0.0,
r3_diag,B1-mid,adasind_034080.jpg,L11,L_only,SPURIOUS,E1_annotator_error,P1,annotator,R01,extra box in locked export,rework,v1.0.0,
r3_diag,B1-mid,adasind_034080.jpg,R2+M3,RM_noL,MISSING,E1_annotator_error,P1,annotator,R01,reference and model object absent from learner export,rework,v1.0.0,
r3_diag,B1-mid,adasind_034080.jpg,R9,R_only,MISSING,E1_annotator_error,P1,annotator,R01,reference object absent from learner export,rework,v1.0.0,
r3_diag,B1-mid,adasind_034080.jpg,M7,M_only,SPURIOUS,E4_model_domain,P2,ai_team,R01,model-only box with no learner match,keep_with_reason,v1.0.0,
r3_diag,B1-mid,adasind_034080.jpg,M8,M_only,SPURIOUS,E4_model_domain,P2,ai_team,R01,model-only box with no learner match,keep_with_reason,v1.0.0,
r3_diag,B1-mid,adasind_034080.jpg,M9,M_only,SPURIOUS,E4_model_domain,P2,ai_team,R01,model-only box with no learner match,keep_with_reason,v1.0.0,
r3_diag,B1-mid,adasind_034080.jpg,M10,M_only,SPURIOUS,E4_model_domain,P2,ai_team,R01,model-only box with no learner match,keep_with_reason,v1.0.0,
r3_diag,B1-mid,adasind_034080.jpg,M11,M_only,SPURIOUS,E4_model_domain,P2,ai_team,R01,model-only box with no learner match,keep_with_reason,v1.0.0,
r3_diag,B1-mid,adasind_034080.jpg,M12,M_only,SPURIOUS,E4_model_domain,P2,ai_team,R01,model-only box with no learner match,keep_with_reason,v1.0.0,
